link,title
,
,
,
,
index.aspx?semester=2016f&subjectID=ACC ,ACC  - Accounting/Essex CC
index.aspx?semester=2016f&subjectID=ACCT,ACCT - Accounting
index.aspx?semester=2016f&subjectID=AD  ,AD   - Art and Design
index.aspx?semester=2016f&subjectID=ARCH,ARCH - Architecture
index.aspx?semester=2016f&subjectID=AS  ,AS   - Aerospace Studies
,
index.aspx?semester=2016f&subjectID=BIO ,BIO  - ECC
index.aspx?semester=2016f&subjectID=BIOL,BIOL - Biology-NJIT
index.aspx?semester=2016f&subjectID=BME ,BME  - Biomedical Engr/Bio-Med
index.aspx?semester=2016f&subjectID=BNFO,BNFO - Bioinformatics (undergrd NJIT)
index.aspx?semester=2016f&subjectID=BUS ,BUS  - Business Transfer
,
index.aspx?semester=2016f&subjectID=CET ,CET  - Constr & Engr Tech
index.aspx?semester=2016f&subjectID=CHE ,CHE  - Chemical Engineering
index.aspx?semester=2016f&subjectID=CHEM,CHEM - Chemistry
index.aspx?semester=2016f&subjectID=CHM ,CHM  - Chemistry Transfer
index.aspx?semester=2016f&subjectID=CIMT,CIMT - Concrete Industry Mgmt Tech
index.aspx?semester=2016f&subjectID=CMT ,CMT  - Construction Management Tech
index.aspx?semester=2016f&subjectID=COM ,COM  - Communication
index.aspx?semester=2016f&subjectID=CPT ,CPT  - Computer Technology
index.aspx?semester=2016f&subjectID=CS  ,CS   - Computer Science
index.aspx?semester=2016f&subjectID=CSC ,CSC  - Computer Science Transfer
,
,
index.aspx?semester=2016f&subjectID=ECET,ECET - Elec & Comp Engineering Tech.
index.aspx?semester=2016f&subjectID=ECO ,ECO  - Economics Transfer
index.aspx?semester=2016f&subjectID=ECON,ECON - Economics
index.aspx?semester=2016f&subjectID=EM  ,EM   - Engineering Management
index.aspx?semester=2016f&subjectID=ENE ,ENE  - Environmental Engineering
index.aspx?semester=2016f&subjectID=ENG ,ENG  - English
index.aspx?semester=2016f&subjectID=ENGR,ENGR - Engineering
index.aspx?semester=2016f&subjectID=ENTR,ENTR - Entrepreneurship
index.aspx?semester=2016f&subjectID=EPS ,EPS  - Environmental Policy Studies
index.aspx?semester=2016f&subjectID=ESC ,ESC  - Engineering Science
index.aspx?semester=2016f&subjectID=ET  ,ET   - Electrical Tech
index.aspx?semester=2016f&subjectID=EVSC,EVSC - Environmental Science
,
index.aspx?semester=2016f&subjectID=FIN ,FIN  - Finance
index.aspx?semester=2016f&subjectID=FRSH,FRSH - Freshman Seminar
,
,
index.aspx?semester=2016f&subjectID=HRM ,HRM  - Human Resources Mgt
index.aspx?semester=2016f&subjectID=HSC ,HSC  - 
index.aspx?semester=2016f&subjectID=HSS ,HSS  - Humanities
index.aspx?semester=2016f&subjectID=HST ,HST  - History Transfer
index.aspx?semester=2016f&subjectID=HUM ,HUM  - Humanities
,
index.aspx?semester=2016f&subjectID=IE  ,IE   - Industrial Engineering
index.aspx?semester=2016f&subjectID=INT ,INT  - Interior Design
,
,
,
,
,
index.aspx?semester=2016f&subjectID=IS  ,IS   - Information Systems
index.aspx?semester=2016f&subjectID=IT  ,IT   - Information Technology
,
,
index.aspx?semester=2016f&subjectID=MATH,MATH - Mathematics
index.aspx?semester=2016f&subjectID=ME  ,ME   - Mechanical Engineering
index.aspx?semester=2016f&subjectID=MECH,MECH - Mechanics
index.aspx?semester=2016f&subjectID=MET ,MET  - Mechanical Engr Tech
index.aspx?semester=2016f&subjectID=MGMT,MGMT - Management
index.aspx?semester=2016f&subjectID=MIP ,MIP  - Infrastructure Planning
index.aspx?semester=2016f&subjectID=MIS ,MIS  - Management Inf Sys
index.aspx?semester=2016f&subjectID=MIT ,MIT  - 
index.aspx?semester=2016f&subjectID=MNE ,MNE  - Manufacturing Engineering
index.aspx?semester=2016f&subjectID=MNET,MNET - Manufacturing Technology
index.aspx?semester=2016f&subjectID=MR  ,MR   - Maintaining Registration
index.aspx?semester=2016f&subjectID=MRKT,MRKT - Marketing
index.aspx?semester=2016f&subjectID=MTH ,MTH  - Mathematics/Essex CC
index.aspx?semester=2016f&subjectID=MTSE,MTSE - Material Science and Eng
,
,
index.aspx?semester=2016f&subjectID=OPSE,OPSE - Optical Science and engineering
,
index.aspx?semester=2016f&subjectID=PE  ,PE   - Physical Education
index.aspx?semester=2016f&subjectID=PHB ,PHB  - Pharmaceutical Bioprocessing
index.aspx?semester=2016f&subjectID=PHEN,PHEN - Pharmaceutical Engineering
index.aspx?semester=2016f&subjectID=PHIL,PHIL - Philosophy
index.aspx?semester=2016f&subjectID=PHY ,PHY  - Physics
index.aspx?semester=2016f&subjectID=PHYS,PHYS - Physics
index.aspx?semester=2016f&subjectID=PSY ,PSY  - Psychology/Essex CC
index.aspx?semester=2016f&subjectID=PTC ,PTC  - Prof & Tech Comm
,
index.aspx?semester=2016f&subjectID=R014,R014 - African&Afro-American Studies
index.aspx?semester=2016f&subjectID=R049,R049 - Amer Language Studies
index.aspx?semester=2016f&subjectID=R050,R050 - American Studies
index.aspx?semester=2016f&subjectID=R070,R070 - Anthropology
index.aspx?semester=2016f&subjectID=R074,R074 - Arabic
index.aspx?semester=2016f&subjectID=R080,R080 - Art
index.aspx?semester=2016f&subjectID=R082,R082 - Art History
index.aspx?semester=2016f&subjectID=R085,R085 - 
index.aspx?semester=2016f&subjectID=R086,R086 - 
index.aspx?semester=2016f&subjectID=R087,R087 - 
index.aspx?semester=2016f&subjectID=R088,R088 - 
index.aspx?semester=2016f&subjectID=R089,R089 - 
index.aspx?semester=2016f&subjectID=R112,R112 - Behav & Neural Science
index.aspx?semester=2016f&subjectID=R120,R120 - Biology-Rutgers
index.aspx?semester=2016f&subjectID=R135,R135 - Business Administration
index.aspx?semester=2016f&subjectID=R160,R160 - Chemistry
index.aspx?semester=2016f&subjectID=R165,R165 - Chinese
index.aspx?semester=2016f&subjectID=R198,R198 - Computer Science
,
,
,
,
,
index.aspx?semester=2016f&subjectID=R202,R202 - Rutgers Criminal Justice
index.aspx?semester=2016f&subjectID=R215,R215 - Ecology & Evolution (Rutgers)
index.aspx?semester=2016f&subjectID=R220,R220 - Economics
index.aspx?semester=2016f&subjectID=R223,R223 - Economics
index.aspx?semester=2016f&subjectID=R300,R300 - Education
index.aspx?semester=2016f&subjectID=R332,R332 - 
index.aspx?semester=2016f&subjectID=R350,R350 - English
index.aspx?semester=2016f&subjectID=R352,"R352 - English, American Lit"
index.aspx?semester=2016f&subjectID=R373,R373 - Business
index.aspx?semester=2016f&subjectID=R390,R390 - Finance
index.aspx?semester=2016f&subjectID=R420,R420 - French
index.aspx?semester=2016f&subjectID=R460,R460 - Geology
index.aspx?semester=2016f&subjectID=R478,R478 - Global Studies
index.aspx?semester=2016f&subjectID=R510,R510 - History
index.aspx?semester=2016f&subjectID=R512,R512 - American History
index.aspx?semester=2016f&subjectID=R525,R525 - Honors Program
index.aspx?semester=2016f&subjectID=R553,R553 - International Business
index.aspx?semester=2016f&subjectID=R560,R560 - Italian
index.aspx?semester=2016f&subjectID=R565,R565 - Japanese
index.aspx?semester=2016f&subjectID=R580,R580 - Latin
index.aspx?semester=2016f&subjectID=R600,R600 - 
index.aspx?semester=2016f&subjectID=R620,R620 - Management
index.aspx?semester=2016f&subjectID=R623,R623 - Management Information System
index.aspx?semester=2016f&subjectID=R630,R630 - Marketing
index.aspx?semester=2016f&subjectID=R640,R640 - Mathematics
index.aspx?semester=2016f&subjectID=R645,R645 - Mathmatical Science
index.aspx?semester=2016f&subjectID=R730,R730 - Philosophy
index.aspx?semester=2016f&subjectID=R750,R750 - Physics
index.aspx?semester=2016f&subjectID=R790,R790 - Political Science
index.aspx?semester=2016f&subjectID=R799,R799 - Supply Chain Mgmt
index.aspx?semester=2016f&subjectID=R812,R812 - 
index.aspx?semester=2016f&subjectID=R830,R830 - Psychology
index.aspx?semester=2016f&subjectID=R834,R834 - Rutgers
index.aspx?semester=2016f&subjectID=R920,R920 - Sociology
index.aspx?semester=2016f&subjectID=R940,R940 - Spanish
index.aspx?semester=2016f&subjectID=R960,R960 - Statistics
index.aspx?semester=2016f&subjectID=R970,R970 - Rutgers
index.aspx?semester=2016f&subjectID=R977,R977 - Urban Systems
index.aspx?semester=2016f&subjectID=R988,R988 - Women's Studies
index.aspx?semester=2016f&subjectID=RBHS,RBHS - 
,
index.aspx?semester=2016f&subjectID=STS ,STS  - Sci Tech & Soc
,
index.aspx?semester=2016f&subjectID=TRAN,TRAN - Transportation Engr
index.aspx?semester=2016f&subjectID=TUTR,TUTR - Tutoring
,
index.aspx?semester=2016f&subjectID=USYS,USYS - Urban Systems
,
,
,
